<?xml version="1.0" encoding="UTF-8"?>
<beans xmlns="http://www.springframework.org/schema/beans"
   xmlns:xsi="http://www.w3.org/2001/XMLSchema-instance"
   xmlns:context="http://www.springframework.org/schema/context"
   xsi:schemaLocation="http://www.springframework.org/schema/beans http://www.springframework.org/schema/beans/spring-beans.xsd
                  http://www.springframework.org/schema/context http://www.springframework.org/schema/context/spring-context.xsd">
                  
   <!-- set Mybatis query xml -->
   <bean id="sqlSessionFactory" class="org.mybatis.spring.SqlSessionFactoryBean">
      <property name="dataSource" ref="dataSource" />
      <!-- <property name="mapperLocations">
         <list>
            <value>classpath*:sql/**/*-sql.xml</value>
         </list>
      </property> 여러개 지정할시 사용함-->
      <property name="mapperLocations" value="classpath:/sql/*_SQL.xml" />
<!--       <property name="mapperLocations" value="classpath:/mapper/**/*_SQL.xml" /> -->
      <property name="configLocation" value="classpath:META-INF/mybatis/mybatis-config.xml" />
   </bean>
	   
	   <!-- destroy-method="clearCache"  추가 해주면 톰켓 끌때 WARNING이 발생하지 않는다 -->
	   <bean id="sqlSessionTemplate" class="org.mybatis.spring.SqlSessionTemplate" destroy-method="clearCache">
	        <constructor-arg index="0" ref="sqlSessionFactory"/>
	    </bean>
</beans>



